--
-- PostgreSQL database dump
--

-- Dumped from database version 14.10 (Ubuntu 14.10-0ubuntu0.22.04.1)
-- Dumped by pg_dump version 14.10 (Ubuntu 14.10-0ubuntu0.22.04.1)

SET statement_timeout = 0;
SET lock_timeout = 0;
SET idle_in_transaction_session_timeout = 0;
SET client_encoding = 'UTF8';
SET standard_conforming_strings = on;
SELECT pg_catalog.set_config('search_path', '', false);
SET check_function_bodies = false;
SET xmloption = content;
SET client_min_messages = warning;
SET row_security = off;

SET default_tablespace = '';

SET default_table_access_method = heap;

--
-- Name: auth_group; Type: TABLE; Schema: public; Owner: postgres
--

CREATE TABLE public.auth_group (
    id integer NOT NULL,
    name character varying(150) NOT NULL
);


ALTER TABLE public.auth_group OWNER TO postgres;

--
-- Name: auth_group_id_seq; Type: SEQUENCE; Schema: public; Owner: postgres
--

ALTER TABLE public.auth_group ALTER COLUMN id ADD GENERATED BY DEFAULT AS IDENTITY (
    SEQUENCE NAME public.auth_group_id_seq
    START WITH 1
    INCREMENT BY 1
    NO MINVALUE
    NO MAXVALUE
    CACHE 1
);


--
-- Name: auth_group_permissions; Type: TABLE; Schema: public; Owner: postgres
--

CREATE TABLE public.auth_group_permissions (
    id bigint NOT NULL,
    group_id integer NOT NULL,
    permission_id integer NOT NULL
);


ALTER TABLE public.auth_group_permissions OWNER TO postgres;

--
-- Name: auth_group_permissions_id_seq; Type: SEQUENCE; Schema: public; Owner: postgres
--

ALTER TABLE public.auth_group_permissions ALTER COLUMN id ADD GENERATED BY DEFAULT AS IDENTITY (
    SEQUENCE NAME public.auth_group_permissions_id_seq
    START WITH 1
    INCREMENT BY 1
    NO MINVALUE
    NO MAXVALUE
    CACHE 1
);


--
-- Name: auth_permission; Type: TABLE; Schema: public; Owner: postgres
--

CREATE TABLE public.auth_permission (
    id integer NOT NULL,
    name character varying(255) NOT NULL,
    content_type_id integer NOT NULL,
    codename character varying(100) NOT NULL
);


ALTER TABLE public.auth_permission OWNER TO postgres;

--
-- Name: auth_permission_id_seq; Type: SEQUENCE; Schema: public; Owner: postgres
--

ALTER TABLE public.auth_permission ALTER COLUMN id ADD GENERATED BY DEFAULT AS IDENTITY (
    SEQUENCE NAME public.auth_permission_id_seq
    START WITH 1
    INCREMENT BY 1
    NO MINVALUE
    NO MAXVALUE
    CACHE 1
);


--
-- Name: auth_user; Type: TABLE; Schema: public; Owner: postgres
--

CREATE TABLE public.auth_user (
    id integer NOT NULL,
    password character varying(128) NOT NULL,
    last_login timestamp with time zone,
    is_superuser boolean NOT NULL,
    username character varying(150) NOT NULL,
    first_name character varying(150) NOT NULL,
    last_name character varying(150) NOT NULL,
    email character varying(254) NOT NULL,
    is_staff boolean NOT NULL,
    is_active boolean NOT NULL,
    date_joined timestamp with time zone NOT NULL
);


ALTER TABLE public.auth_user OWNER TO postgres;

--
-- Name: auth_user_groups; Type: TABLE; Schema: public; Owner: postgres
--

CREATE TABLE public.auth_user_groups (
    id bigint NOT NULL,
    user_id integer NOT NULL,
    group_id integer NOT NULL
);


ALTER TABLE public.auth_user_groups OWNER TO postgres;

--
-- Name: auth_user_groups_id_seq; Type: SEQUENCE; Schema: public; Owner: postgres
--

ALTER TABLE public.auth_user_groups ALTER COLUMN id ADD GENERATED BY DEFAULT AS IDENTITY (
    SEQUENCE NAME public.auth_user_groups_id_seq
    START WITH 1
    INCREMENT BY 1
    NO MINVALUE
    NO MAXVALUE
    CACHE 1
);


--
-- Name: auth_user_id_seq; Type: SEQUENCE; Schema: public; Owner: postgres
--

ALTER TABLE public.auth_user ALTER COLUMN id ADD GENERATED BY DEFAULT AS IDENTITY (
    SEQUENCE NAME public.auth_user_id_seq
    START WITH 1
    INCREMENT BY 1
    NO MINVALUE
    NO MAXVALUE
    CACHE 1
);


--
-- Name: auth_user_user_permissions; Type: TABLE; Schema: public; Owner: postgres
--

CREATE TABLE public.auth_user_user_permissions (
    id bigint NOT NULL,
    user_id integer NOT NULL,
    permission_id integer NOT NULL
);


ALTER TABLE public.auth_user_user_permissions OWNER TO postgres;

--
-- Name: auth_user_user_permissions_id_seq; Type: SEQUENCE; Schema: public; Owner: postgres
--

ALTER TABLE public.auth_user_user_permissions ALTER COLUMN id ADD GENERATED BY DEFAULT AS IDENTITY (
    SEQUENCE NAME public.auth_user_user_permissions_id_seq
    START WITH 1
    INCREMENT BY 1
    NO MINVALUE
    NO MAXVALUE
    CACHE 1
);


--
-- Name: country; Type: TABLE; Schema: public; Owner: postgres
--

CREATE TABLE public.country (
    id bigint NOT NULL,
    vchr_name character varying(100) NOT NULL
);


ALTER TABLE public.country OWNER TO postgres;

--
-- Name: country_id_seq; Type: SEQUENCE; Schema: public; Owner: postgres
--

ALTER TABLE public.country ALTER COLUMN id ADD GENERATED BY DEFAULT AS IDENTITY (
    SEQUENCE NAME public.country_id_seq
    START WITH 1
    INCREMENT BY 1
    NO MINVALUE
    NO MAXVALUE
    CACHE 1
);


--
-- Name: django_admin_log; Type: TABLE; Schema: public; Owner: postgres
--

CREATE TABLE public.django_admin_log (
    id integer NOT NULL,
    action_time timestamp with time zone NOT NULL,
    object_id text,
    object_repr character varying(200) NOT NULL,
    action_flag smallint NOT NULL,
    change_message text NOT NULL,
    content_type_id integer,
    user_id integer NOT NULL,
    CONSTRAINT django_admin_log_action_flag_check CHECK ((action_flag >= 0))
);


ALTER TABLE public.django_admin_log OWNER TO postgres;

--
-- Name: django_admin_log_id_seq; Type: SEQUENCE; Schema: public; Owner: postgres
--

ALTER TABLE public.django_admin_log ALTER COLUMN id ADD GENERATED BY DEFAULT AS IDENTITY (
    SEQUENCE NAME public.django_admin_log_id_seq
    START WITH 1
    INCREMENT BY 1
    NO MINVALUE
    NO MAXVALUE
    CACHE 1
);


--
-- Name: django_content_type; Type: TABLE; Schema: public; Owner: postgres
--

CREATE TABLE public.django_content_type (
    id integer NOT NULL,
    app_label character varying(100) NOT NULL,
    model character varying(100) NOT NULL
);


ALTER TABLE public.django_content_type OWNER TO postgres;

--
-- Name: django_content_type_id_seq; Type: SEQUENCE; Schema: public; Owner: postgres
--

ALTER TABLE public.django_content_type ALTER COLUMN id ADD GENERATED BY DEFAULT AS IDENTITY (
    SEQUENCE NAME public.django_content_type_id_seq
    START WITH 1
    INCREMENT BY 1
    NO MINVALUE
    NO MAXVALUE
    CACHE 1
);


--
-- Name: django_migrations; Type: TABLE; Schema: public; Owner: postgres
--

CREATE TABLE public.django_migrations (
    id bigint NOT NULL,
    app character varying(255) NOT NULL,
    name character varying(255) NOT NULL,
    applied timestamp with time zone NOT NULL
);


ALTER TABLE public.django_migrations OWNER TO postgres;

--
-- Name: django_migrations_id_seq; Type: SEQUENCE; Schema: public; Owner: postgres
--

ALTER TABLE public.django_migrations ALTER COLUMN id ADD GENERATED BY DEFAULT AS IDENTITY (
    SEQUENCE NAME public.django_migrations_id_seq
    START WITH 1
    INCREMENT BY 1
    NO MINVALUE
    NO MAXVALUE
    CACHE 1
);


--
-- Name: django_session; Type: TABLE; Schema: public; Owner: postgres
--

CREATE TABLE public.django_session (
    session_key character varying(40) NOT NULL,
    session_data text NOT NULL,
    expire_date timestamp with time zone NOT NULL
);


ALTER TABLE public.django_session OWNER TO postgres;

--
-- Name: results; Type: TABLE; Schema: public; Owner: postgres
--

CREATE TABLE public.results (
    id bigint NOT NULL,
    dat_created timestamp with time zone,
    staff_id integer NOT NULL,
    student_id integer NOT NULL,
    json_grade jsonb
);


ALTER TABLE public.results OWNER TO postgres;

--
-- Name: results_id_seq; Type: SEQUENCE; Schema: public; Owner: postgres
--

ALTER TABLE public.results ALTER COLUMN id ADD GENERATED BY DEFAULT AS IDENTITY (
    SEQUENCE NAME public.results_id_seq
    START WITH 1
    INCREMENT BY 1
    NO MINVALUE
    NO MAXVALUE
    CACHE 1
);


--
-- Name: role_master; Type: TABLE; Schema: public; Owner: postgres
--

CREATE TABLE public.role_master (
    id bigint NOT NULL,
    vchr_name character varying(100) NOT NULL
);


ALTER TABLE public.role_master OWNER TO postgres;

--
-- Name: role_master_id_seq; Type: SEQUENCE; Schema: public; Owner: postgres
--

ALTER TABLE public.role_master ALTER COLUMN id ADD GENERATED BY DEFAULT AS IDENTITY (
    SEQUENCE NAME public.role_master_id_seq
    START WITH 1
    INCREMENT BY 1
    NO MINVALUE
    NO MAXVALUE
    CACHE 1
);


--
-- Name: subjects; Type: TABLE; Schema: public; Owner: postgres
--

CREATE TABLE public.subjects (
    id bigint NOT NULL,
    vchr_name character varying(100) NOT NULL,
    dat_created timestamp with time zone
);


ALTER TABLE public.subjects OWNER TO postgres;

--
-- Name: subjects_id_seq; Type: SEQUENCE; Schema: public; Owner: postgres
--

ALTER TABLE public.subjects ALTER COLUMN id ADD GENERATED BY DEFAULT AS IDENTITY (
    SEQUENCE NAME public.subjects_id_seq
    START WITH 1
    INCREMENT BY 1
    NO MINVALUE
    NO MAXVALUE
    CACHE 1
);


--
-- Name: user_details; Type: TABLE; Schema: public; Owner: postgres
--

CREATE TABLE public.user_details (
    id bigint NOT NULL,
    dat_created timestamp with time zone,
    bint_mobile numeric(10,0) NOT NULL,
    email character varying(50),
    fk_country_id bigint NOT NULL,
    fk_role_id bigint NOT NULL,
    fk_user_id integer NOT NULL
);


ALTER TABLE public.user_details OWNER TO postgres;

--
-- Name: user_details_id_seq; Type: SEQUENCE; Schema: public; Owner: postgres
--

ALTER TABLE public.user_details ALTER COLUMN id ADD GENERATED BY DEFAULT AS IDENTITY (
    SEQUENCE NAME public.user_details_id_seq
    START WITH 1
    INCREMENT BY 1
    NO MINVALUE
    NO MAXVALUE
    CACHE 1
);


--
-- Data for Name: auth_group; Type: TABLE DATA; Schema: public; Owner: postgres
--

COPY public.auth_group (id, name) FROM stdin;
\.


--
-- Data for Name: auth_group_permissions; Type: TABLE DATA; Schema: public; Owner: postgres
--

COPY public.auth_group_permissions (id, group_id, permission_id) FROM stdin;
\.


--
-- Data for Name: auth_permission; Type: TABLE DATA; Schema: public; Owner: postgres
--

COPY public.auth_permission (id, name, content_type_id, codename) FROM stdin;
1	Can add log entry	1	add_logentry
2	Can change log entry	1	change_logentry
3	Can delete log entry	1	delete_logentry
4	Can view log entry	1	view_logentry
5	Can add permission	2	add_permission
6	Can change permission	2	change_permission
7	Can delete permission	2	delete_permission
8	Can view permission	2	view_permission
9	Can add group	3	add_group
10	Can change group	3	change_group
11	Can delete group	3	delete_group
12	Can view group	3	view_group
13	Can add user	4	add_user
14	Can change user	4	change_user
15	Can delete user	4	delete_user
16	Can view user	4	view_user
17	Can add content type	5	add_contenttype
18	Can change content type	5	change_contenttype
19	Can delete content type	5	delete_contenttype
20	Can view content type	5	view_contenttype
21	Can add session	6	add_session
22	Can change session	6	change_session
23	Can delete session	6	delete_session
24	Can view session	6	view_session
25	Can add country	7	add_country
26	Can change country	7	change_country
27	Can delete country	7	delete_country
28	Can view country	7	view_country
29	Can add role master	8	add_rolemaster
30	Can change role master	8	change_rolemaster
31	Can delete role master	8	delete_rolemaster
32	Can view role master	8	view_rolemaster
33	Can add user details	9	add_userdetails
34	Can change user details	9	change_userdetails
35	Can delete user details	9	delete_userdetails
36	Can view user details	9	view_userdetails
37	Can add subjects	10	add_subjects
38	Can change subjects	10	change_subjects
39	Can delete subjects	10	delete_subjects
40	Can view subjects	10	view_subjects
41	Can add results	11	add_results
42	Can change results	11	change_results
43	Can delete results	11	delete_results
44	Can view results	11	view_results
\.


--
-- Data for Name: auth_user; Type: TABLE DATA; Schema: public; Owner: postgres
--

COPY public.auth_user (id, password, last_login, is_superuser, username, first_name, last_name, email, is_staff, is_active, date_joined) FROM stdin;
8	pbkdf2_sha256$720000$2zrsiOlVN6JbCMX9DPmfg9$BOpHgZ3ZbfzEwaDSt59BUFzlZG97ZYOeidcCnkZdtKo=	2024-02-05 21:25:45.99258+05:30	f	admin@test.com	Varsha	Mohan	admin@test.com	f	t	2024-02-05 21:23:08.686768+05:30
9	pbkdf2_sha256$720000$FsLOpxNSX5Aq1dsvshDWNH$N0ZQR2Yqynautg/UZk83Rl/KRGmyRyXf6Rzpk7w0444=	2024-02-05 21:30:26.831848+05:30	f	staff11@test.com	Varsha	Mohan	staff11@test.com	f	t	2024-02-05 21:27:07.56537+05:30
6	pbkdf2_sha256$720000$gUWFsypfvSpnCyVtnJGeH6$ZNPyoEgpC8jUh1cjZVvKi3FThli2uhXfVM4hfod60+w=	2024-02-05 21:33:39.323354+05:30	f	student3@test.com	Varsha	Mohan	student3@test.com	f	t	2024-02-05 19:12:14.593736+05:30
2	pbkdf2_sha256$720000$VhOit8vi4zzPl22rEesZQD$Ab2UVM0Sxip7yxKR97SHbfdNfXLDtWSgUJPo0l9hIfk=	2024-02-05 16:36:33.419387+05:30	f	v@test.com	Varsha	Mohan	v@test.com	f	t	2024-02-05 15:42:14.078655+05:30
3	pbkdf2_sha256$720000$inySenq3VTbgwtsro94sRn$hHqhnwpwiKg9PWXH9Gg8ivP/GbE0TpPVQXvTQsSCoCc=	2024-02-05 21:34:37.911499+05:30	f	editor@test.com	Varsha	Mohan	editor@test.com	f	t	2024-02-05 17:36:48.025983+05:30
1	pbkdf2_sha256$720000$mC8GkqAB4h9T8cvcy3aXc3$P2sCFGWvG6EK9yhAdjPTAFFKGZEXoPEl+azISasLeRQ=	2024-02-05 16:37:03.90292+05:30	f	varsha.mohan@test.com	Varsha	Mohan	varsha.mohan@test.com	f	t	2024-02-05 14:37:31.773568+05:30
5	pbkdf2_sha256$720000$8oQ8fS6LtAxowa6pndUVXj$Pi03RaHx6I1K3XKB14yLnuxNhf7oRTaQJPSRfxdIKNg=	\N	f	student2@test.com	Varsha	Mohan	student2@test.com	f	t	2024-02-05 19:11:37.735172+05:30
7	pbkdf2_sha256$720000$GLXWfLGlwSj6BVzaYCrcgi$byWAVHCeM3NSCuZVE4nO03ce44eo9D/PWxK/SLxBWek=	2024-02-05 20:13:17.291986+05:30	f	staff@test.com	Varsha	Mohan	staff@test.com	f	t	2024-02-05 19:12:49.326944+05:30
4	pbkdf2_sha256$720000$MFf2zjCT4Bjfyau2NSclas$/HBoyDFSFsyW5YiLOpJYvDM/9BuvmCNq+54r/cqafrQ=	2024-02-05 21:04:46.931919+05:30	f	student@test.com	Varsha	Mohan	student@test.com	f	t	2024-02-05 19:10:56.027998+05:30
\.


--
-- Data for Name: auth_user_groups; Type: TABLE DATA; Schema: public; Owner: postgres
--

COPY public.auth_user_groups (id, user_id, group_id) FROM stdin;
\.


--
-- Data for Name: auth_user_user_permissions; Type: TABLE DATA; Schema: public; Owner: postgres
--

COPY public.auth_user_user_permissions (id, user_id, permission_id) FROM stdin;
\.


--
-- Data for Name: country; Type: TABLE DATA; Schema: public; Owner: postgres
--

COPY public.country (id, vchr_name) FROM stdin;
1	India
2	Pakistan
3	America
\.


--
-- Data for Name: django_admin_log; Type: TABLE DATA; Schema: public; Owner: postgres
--

COPY public.django_admin_log (id, action_time, object_id, object_repr, action_flag, change_message, content_type_id, user_id) FROM stdin;
\.


--
-- Data for Name: django_content_type; Type: TABLE DATA; Schema: public; Owner: postgres
--

COPY public.django_content_type (id, app_label, model) FROM stdin;
1	admin	logentry
2	auth	permission
3	auth	group
4	auth	user
5	contenttypes	contenttype
6	sessions	session
7	userdetails	country
8	userdetails	rolemaster
9	userdetails	userdetails
10	results	subjects
11	results	results
\.


--
-- Data for Name: django_migrations; Type: TABLE DATA; Schema: public; Owner: postgres
--

COPY public.django_migrations (id, app, name, applied) FROM stdin;
1	contenttypes	0001_initial	2024-02-05 14:19:23.968287+05:30
2	auth	0001_initial	2024-02-05 14:19:24.026881+05:30
3	admin	0001_initial	2024-02-05 14:19:24.057282+05:30
4	admin	0002_logentry_remove_auto_add	2024-02-05 14:19:24.073864+05:30
5	admin	0003_logentry_add_action_flag_choices	2024-02-05 14:19:24.088304+05:30
6	contenttypes	0002_remove_content_type_name	2024-02-05 14:19:24.116487+05:30
7	auth	0002_alter_permission_name_max_length	2024-02-05 14:19:24.131596+05:30
8	auth	0003_alter_user_email_max_length	2024-02-05 14:19:24.145599+05:30
9	auth	0004_alter_user_username_opts	2024-02-05 14:19:24.154235+05:30
10	auth	0005_alter_user_last_login_null	2024-02-05 14:19:24.162748+05:30
11	auth	0006_require_contenttypes_0002	2024-02-05 14:19:24.164256+05:30
12	auth	0007_alter_validators_add_error_messages	2024-02-05 14:19:24.171178+05:30
13	auth	0008_alter_user_username_max_length	2024-02-05 14:19:24.181003+05:30
14	auth	0009_alter_user_last_name_max_length	2024-02-05 14:19:24.188813+05:30
15	auth	0010_alter_group_name_max_length	2024-02-05 14:19:24.197115+05:30
16	auth	0011_update_proxy_permissions	2024-02-05 14:19:24.203199+05:30
17	auth	0012_alter_user_first_name_max_length	2024-02-05 14:19:24.212087+05:30
18	sessions	0001_initial	2024-02-05 14:19:24.220379+05:30
19	userdetails	0001_initial	2024-02-05 14:19:24.276578+05:30
20	results	0001_initial	2024-02-05 17:35:55.748765+05:30
21	results	0002_results_vchr_grade	2024-02-05 20:03:19.489209+05:30
22	results	0003_remove_results_vchr_grade_results_json_grade	2024-02-05 20:06:17.607918+05:30
23	results	0004_alter_results_staff_alter_results_student	2024-02-05 20:49:55.29306+05:30
\.


--
-- Data for Name: django_session; Type: TABLE DATA; Schema: public; Owner: postgres
--

COPY public.django_session (session_key, session_data, expire_date) FROM stdin;
1c3km4i3rzq984swi6jfzucaz3sy03l6	.eJxVjEEOwiAURO_C2hCw4UtduvcMZPj82qqBpLSrxrtLky50OfPezKYC1mUMa5U5TEldlVWn3y6CX5J3kJ7Ij6K55GWeot4VfdCq7yXJ-3a4fwcj6tjWvSfrmc5kuHcWA5hlIGH2Lka0nBI4knfGdSQtGhEQuYvpesBAfb4U-jl1:1rWuxD:zbQeCUNWsk8TDjyPnYoK47bmv-Rem7vliYkyGf9JoAA	2024-02-19 14:37:51.105616+05:30
t7dhbm9ootdoyqandgaa7bdeoqn5p49w	.eJxVjDsOwjAQBe_iGllrZxPHlPScIdqPTQLIlvKpEHeHSCmgfTPzXmagbR2HbUnzMKk5G29OvxuTPFLZgd6p3KqVWtZ5Yrsr9qCLvVZNz8vh_h2MtIzfumsSg8coHgm7gJKhg8AaW89IMUOfyHlh1VZCIxIcR2gQenURFbN5fwDasTfG:1rWvxk:yvlgNxMi3mRhka6FnkqhtJ7h06wJZcKjvuJcZ2redpE	2024-02-19 15:42:28.748275+05:30
tqh4vul4bhu5hjdmkp1j90bjtma9nsqb	.eJxVjDsOwjAQBe_iGllrZxPHlPScIdqPTQLIlvKpEHeHSCmgfTPzXmagbR2HbUnzMKk5G29OvxuTPFLZgd6p3KqVWtZ5Yrsr9qCLvVZNz8vh_h2MtIzfumsSg8coHgm7gJKhg8AaW89IMUOfyHlh1VZCIxIcR2gQenURFbN5fwDasTfG:1rWw4Y:V9gl5mVJAyX0pr8qmCdXqiuscObOEUFdfI_VEUKNroc	2024-02-19 15:49:30.661012+05:30
y1lg9tzloxr1504he1yivqo1b34pu0x1	.eJxVjEEOwiAURO_C2hCw4UtduvcMZPj82qqBpLSrxrtLky50OfPezKYC1mUMa5U5TEldlVWn3y6CX5J3kJ7Ij6K55GWeot4VfdCq7yXJ-3a4fwcj6tjWvSfrmc5kuHcWA5hlIGH2Lka0nBI4knfGdSQtGhEQuYvpesBAfb4U-jl1:1rWw8A:GBlyHoVF_YYi8M1ir8zLgLLPrp34_HjB0t6Rf84sKo4	2024-02-19 15:53:14.988643+05:30
x8j99kypicrg73bosqebvnzg0sll1t2l	.eJxVjEEOwiAURO_C2hCw4UtduvcMZPj82qqBpLSrxrtLky50OfPezKYC1mUMa5U5TEldlVWn3y6CX5J3kJ7Ij6K55GWeot4VfdCq7yXJ-3a4fwcj6tjWvSfrmc5kuHcWA5hlIGH2Lka0nBI4knfGdSQtGhEQuYvpesBAfb4U-jl1:1rWwGC:dDwPVZHIFn-TC7HnzPQtHffHjl6ADl1YDjyrEIKZtwo	2024-02-19 16:01:32.787175+05:30
vv3wz2eqknvq0sq8pt0j4jattvb9tyvh	.eJxVjEEOwiAURO_C2hCw4UtduvcMZPj82qqBpLSrxrtLky50OfPezKYC1mUMa5U5TEldlVWn3y6CX5J3kJ7Ij6K55GWeot4VfdCq7yXJ-3a4fwcj6tjWvSfrmc5kuHcWA5hlIGH2Lka0nBI4knfGdSQtGhEQuYvpesBAfb4U-jl1:1rWwaM:KF1jOVbvSqWCWOKfHlZDaj-9m3cS_FEe9GWxlZUsW3c	2024-02-19 16:22:22.729266+05:30
d1hhyq5nk1m0zvd6ppmj8b9zsyf78flp	.eJxVjEEOwiAURO_C2hCw4UtduvcMZPj82qqBpLSrxrtLky50OfPezKYC1mUMa5U5TEldlVWn3y6CX5J3kJ7Ij6K55GWeot4VfdCq7yXJ-3a4fwcj6tjWvSfrmc5kuHcWA5hlIGH2Lka0nBI4knfGdSQtGhEQuYvpesBAfb4U-jl1:1rWwkz:mQjQ3a1M1whLX_nEu503pQMzrNk0cMrJa-nEtWnS_UM	2024-02-19 16:33:21.691956+05:30
7v92v9wfseqd1n7kbvsenml15vcosq74	.eJxVjDsOwjAQBe_iGllrZxPHlPScIdqPTQLIlvKpEHeHSCmgfTPzXmagbR2HbUnzMKk5G29OvxuTPFLZgd6p3KqVWtZ5Yrsr9qCLvVZNz8vh_h2MtIzfumsSg8coHgm7gJKhg8AaW89IMUOfyHlh1VZCIxIcR2gQenURFbN5fwDasTfG:1rWwo5:uAaBgUVUSub5ZmnnJDGgzpLdbyG5eygkYJKAax1NAHM	2024-02-19 16:36:33.420943+05:30
tfzzthcohgwd5vkb27ubqoani993sqer	.eJxVjEEOwiAURO_C2hCw4UtduvcMZPj82qqBpLSrxrtLky50OfPezKYC1mUMa5U5TEldlVWn3y6CX5J3kJ7Ij6K55GWeot4VfdCq7yXJ-3a4fwcj6tjWvSfrmc5kuHcWA5hlIGH2Lka0nBI4knfGdSQtGhEQuYvpesBAfb4U-jl1:1rWwoZ:7Vuaha2nYZWrM3sAZZkiFHpJYJkYen4UX2fls44B5Qs	2024-02-19 16:37:03.904866+05:30
ac225bbu146k8r11mw19nyh7ysv5ow7v	.eJxVjEEOwiAQRe_C2hAKhQGX7j0DmYFBqoYmpV0Z765NutDtf-_9l4i4rTVunZc4ZXEWRpx-N8L04LaDfMd2m2Wa27pMJHdFHrTL65z5eTncv4OKvX5rBpcB_UDscNQMGoonGxCKCqxKGiwj-kJK-WIMhVFbBRycNlRSBifeH_hDOEU:1rWxkf:Imi-8UNX4ZmDkFb94mwIMur6jFmYW57S-ESAgIy8eZw	2024-02-19 17:37:05.86527+05:30
a1092wjprshway7jd0tilsxmyvq6faqh	.eJxVjEEOwiAQRe_C2hAKhQGX7j0DmYFBqoYmpV0Z765NutDtf-_9l4i4rTVunZc4ZXEWRpx-N8L04LaDfMd2m2Wa27pMJHdFHrTL65z5eTncv4OKvX5rBpcB_UDscNQMGoonGxCKCqxKGiwj-kJK-WIMhVFbBRycNlRSBifeH_hDOEU:1rWz7b:fyN-oku05ylmd6ZptGUjC3mfYu-2nOwmbdHJfZic1WE	2024-02-19 19:04:51.440055+05:30
nom2ibuzv8ox2k0sf1hf32rjddxzuc2y	.eJxVjMsOwiAQRf-FtSHDo5Rx6d5vIDMFpGogKe3K-O_apAvd3nPOfYlA21rC1tMS5ijOYhSn341peqS6g3inemtyanVdZpa7Ig_a5bXF9Lwc7t9BoV6-NQ8ZM3pgYAS2PoJFUtpmZRAVaSRijY6Sgxg552Q9mOyYR-WcgUG8P-c5N9Q:1rWzFY:H-wsSNOJiHK13egsaEdMCPGayN1-VaBGbnGKNylw458	2024-02-19 19:13:04.886862+05:30
k353ql7jahd26js71f77goagh62o8i3j	.eJxVjMsOwiAQRf-FtSHDo5Rx6d5vIDMFpGogKe3K-O_apAvd3nPOfYlA21rC1tMS5ijOYhSn341peqS6g3inemtyanVdZpa7Ig_a5bXF9Lwc7t9BoV6-NQ8ZM3pgYAS2PoJFUtpmZRAVaSRijY6Sgxg552Q9mOyYR-WcgUG8P-c5N9Q:1rX0Bp:cLkzIN3zeKM5cuSG6CHzwX9sGbBUh9iVX9LV0k2wDo4	2024-02-19 20:13:17.29306+05:30
m7zej6iqr2ikui4uwuft3awck6okzqiq	.eJxVjEEOwiAQRe_C2pCBoQIu3fcMZCiMVA0kpV0Z765NutDtf-_9lwi0rSVsPS9hTuIijDj9bpGmR647SHeqtyanVtdljnJX5EG7HFvKz-vh_h0U6uVbZ9ZoKDnUTA69O6fE1loDqLMzCIqBYhwURNYGlffklPVMA4DRGrJ4fwDXCzcI:1rX0ze:Pvy1X96NHEmofVTGisHqGLjfvxkj7bgOkhfGprNT1Pg	2024-02-19 21:04:46.933042+05:30
yilj9nihbbwvbqre959v6aei9atd0jlf	.eJxVjDsOwjAQBe_iGll24k1iSnrOED2vvTiAbCmfCnF3iJQC2jcz76VGbGsetyXN4xTVWQ3q9LsF8COVHcQ7yq1qrmWdp6B3RR900dca0_NyuH8HGUv-1pSiMaZpGAE-WWtctAipdeLRkYBITM_Se4iIZxhBHLgdLFHXgZ16fwAGqzjn:1rX1Ht:SpMPt5EWTg01b6XpkMUCrefREva5oWDjOUjd601LpuM	2024-02-19 21:23:37.864248+05:30
fqlfvucth7qszjbyht5vange64ordbn9	.eJxVjDsOwjAQBe_iGll24k1iSnrOED2vvTiAbCmfCnF3iJQC2jcz76VGbGsetyXN4xTVWQ3q9LsF8COVHcQ7yq1qrmWdp6B3RR900dca0_NyuH8HGUv-1pSiMaZpGAE-WWtctAipdeLRkYBITM_Se4iIZxhBHLgdLFHXgZ16fwAGqzjn:1rX1I5:dX2gCeL3PySvfsDKLLsTYK6qU_nefoPwIwasVz3XxYM	2024-02-19 21:23:49.575577+05:30
9ayst2ucncjl3ue9uvaaua4echggyfw2	.eJxVjDsOwjAQBe_iGll24k1iSnrOED2vvTiAbCmfCnF3iJQC2jcz76VGbGsetyXN4xTVWQ3q9LsF8COVHcQ7yq1qrmWdp6B3RR900dca0_NyuH8HGUv-1pSiMaZpGAE-WWtctAipdeLRkYBITM_Se4iIZxhBHLgdLFHXgZ16fwAGqzjn:1rX1JD:OozfP3-JVK9Pg8MDtLfdp-58jbWdNwVP6vJdvngjTkY	2024-02-19 21:24:59.85104+05:30
kvnuvz55xcka5ebd30xpx2daehjrnq9y	.eJxVjDsOwjAQBe_iGll24k1iSnrOED2vvTiAbCmfCnF3iJQC2jcz76VGbGsetyXN4xTVWQ3q9LsF8COVHcQ7yq1qrmWdp6B3RR900dca0_NyuH8HGUv-1pSiMaZpGAE-WWtctAipdeLRkYBITM_Se4iIZxhBHLgdLFHXgZ16fwAGqzjn:1rX1JG:1wJAAAW3hUt0jAJcbWm9yhdufyqh-QO8du5bAyGgDhg	2024-02-19 21:25:02.766935+05:30
x6yi09gaespn7jelzwd1c1e7b02gi2bl	.eJxVjDsOwjAQBe_iGll24k1iSnrOED2vvTiAbCmfCnF3iJQC2jcz76VGbGsetyXN4xTVWQ3q9LsF8COVHcQ7yq1qrmWdp6B3RR900dca0_NyuH8HGUv-1pSiMaZpGAE-WWtctAipdeLRkYBITM_Se4iIZxhBHLgdLFHXgZ16fwAGqzjn:1rX1Jx:lH17jdEUZiQHveuI-iDp1k0c0YpdT10nHVMJle6mV9Y	2024-02-19 21:25:45.995913+05:30
z6ff8qo7lvlhanr6rrgw901mqlag1f3e	.eJxVjDsOwjAQBe_iGln-IK9NSc8ZrF3vggPIluKkQtwdIqWA9s3Me6mM61LzOmTOE6uTSurwuxGWh7QN8B3brevS2zJPpDdF73ToS2d5nnf376DiqN86BuKjEywcjWMSRJ9sEAIHAYwURPacoosGTArumgpaiJ4IvAAkq94fAq04Ew:1rX1NN:E_SP4Bgay4lrPnmtO9VE9VNI4cU0tm_KRYdkR0YI9gk	2024-02-19 21:29:17.751563+05:30
emm0im25u9s4qsndknh9szx8dmkrgdqw	.eJxVjDsOwjAQBe_iGln-IK9NSc8ZrF3vggPIluKkQtwdIqWA9s3Me6mM61LzOmTOE6uTSurwuxGWh7QN8B3brevS2zJPpDdF73ToS2d5nnf376DiqN86BuKjEywcjWMSRJ9sEAIHAYwURPacoosGTArumgpaiJ4IvAAkq94fAq04Ew:1rX1OU:DX-XKiLQ5rHZwz0km3xc9feLoTeH8vTc1IygmkanLaw	2024-02-19 21:30:26.833035+05:30
j9n8ze72fl1iv2d6g94k8xlsyhbbabim	.eJxVjM0OwiAQhN-FsyFUXH48eu8zkIVdpGogKe3J-O62SQ96mmS-b-YtAq5LCWvnOUwkrsKI028XMT257oAeWO9NplaXeYpyV-RBuxwb8et2uH8HBXvZ1plwOANaa9HDhaJxOpIF7zQb5OSV0hqTyuATuWw4WssKM8EAuAWKzxf4qzj-:1rX1Rb:S9A9e8lDUqVp8GV9rxSjq6TKQPvfyE_5QV-AdXd9Xpk	2024-02-19 21:33:39.32466+05:30
3k914j0ca3kno0nc41javz2djukf9nd4	.eJxVjEEOwiAQRe_C2hAKhQGX7j0DmYFBqoYmpV0Z765NutDtf-_9l4i4rTVunZc4ZXEWRpx-N8L04LaDfMd2m2Wa27pMJHdFHrTL65z5eTncv4OKvX5rBpcB_UDscNQMGoonGxCKCqxKGiwj-kJK-WIMhVFbBRycNlRSBifeH_hDOEU:1rX1SX:f1BTPi0PgVmDwvrcGlx0DxDauUsV0xwspbre9k5NveE	2024-02-19 21:34:37.91306+05:30
\.


--
-- Data for Name: results; Type: TABLE DATA; Schema: public; Owner: postgres
--

COPY public.results (id, dat_created, staff_id, student_id, json_grade) FROM stdin;
1	2024-02-05 20:26:01.515258+05:30	7	4	{"1": {"grade": "A", "subject": {"id": 1, "vchr_name": "English", "dat_created": null}}, "2": {"grade": "A", "subject": {"id": 2, "vchr_name": "Calculus", "dat_created": null}}, "3": {"grade": "B", "subject": {"id": 3, "vchr_name": "Computer Science", "dat_created": null}}, "4": {"grade": "C", "subject": {"id": 4, "vchr_name": "Physics", "dat_created": null}}, "5": {"grade": "C", "subject": {"id": 5, "vchr_name": "Chemistry", "dat_created": null}}, "6": {"grade": "F", "subject": {"id": 6, "vchr_name": "Graphics", "dat_created": null}}}
4	2024-02-05 20:50:01.718735+05:30	7	5	{"1": {"grade": "B", "subject": {"id": 1, "vchr_name": "English", "dat_created": null}}, "2": {"grade": "B", "subject": {"id": 2, "vchr_name": "Calculus", "dat_created": null}}, "3": {"grade": "C", "subject": {"id": 3, "vchr_name": "Computer Science", "dat_created": null}}, "4": {"grade": "D", "subject": {"id": 4, "vchr_name": "Physics", "dat_created": null}}, "5": {"grade": "D", "subject": {"id": 5, "vchr_name": "Chemistry", "dat_created": null}}, "6": {"grade": "C", "subject": {"id": 6, "vchr_name": "Graphics", "dat_created": null}}}
5	2024-02-05 21:32:05.499521+05:30	9	6	{"1": {"grade": "A", "subject": {"id": 1, "vchr_name": "English", "dat_created": null}}, "2": {"grade": "B", "subject": {"id": 2, "vchr_name": "Calculus", "dat_created": null}}, "3": {"grade": "D", "subject": {"id": 3, "vchr_name": "Computer Science", "dat_created": null}}, "4": {"grade": "F", "subject": {"id": 4, "vchr_name": "Physics", "dat_created": null}}, "5": {"grade": "C", "subject": {"id": 5, "vchr_name": "Chemistry", "dat_created": null}}, "6": {"grade": "B", "subject": {"id": 6, "vchr_name": "Graphics", "dat_created": null}}}
\.


--
-- Data for Name: role_master; Type: TABLE DATA; Schema: public; Owner: postgres
--

COPY public.role_master (id, vchr_name) FROM stdin;
1	ADMIN
2	STUDENT
3	STAFF
4	EDITOR
\.


--
-- Data for Name: subjects; Type: TABLE DATA; Schema: public; Owner: postgres
--

COPY public.subjects (id, vchr_name, dat_created) FROM stdin;
1	English	\N
2	Calculus	\N
3	Computer Science	\N
4	Physics	\N
5	Chemistry	\N
6	Graphics	\N
\.


--
-- Data for Name: user_details; Type: TABLE DATA; Schema: public; Owner: postgres
--

COPY public.user_details (id, dat_created, bint_mobile, email, fk_country_id, fk_role_id, fk_user_id) FROM stdin;
1	2024-02-05 14:37:31.962334+05:30	9999988888	varsha.mohan@test.com	1	1	1
2	2024-02-05 15:42:14.213403+05:30	9876543210	v@test.com	2	3	2
3	2024-02-05 17:36:48.254105+05:30	9879879870	editor@test.com	2	4	3
4	2024-02-05 19:10:56.220836+05:30	9638527410	student@test.com	1	2	4
5	2024-02-05 19:11:37.947131+05:30	7410852963	student2@test.com	2	2	5
6	2024-02-05 19:12:14.778155+05:30	8520963741	student3@test.com	3	2	6
7	2024-02-05 19:12:49.527578+05:30	9873214560	staff@test.com	1	3	7
8	2024-02-05 21:23:08.907186+05:30	7536894210	admin@test.com	1	1	8
9	2024-02-05 21:27:07.829129+05:30	9999988888	staff11@test.com	2	3	9
\.


--
-- Name: auth_group_id_seq; Type: SEQUENCE SET; Schema: public; Owner: postgres
--

SELECT pg_catalog.setval('public.auth_group_id_seq', 1, false);


--
-- Name: auth_group_permissions_id_seq; Type: SEQUENCE SET; Schema: public; Owner: postgres
--

SELECT pg_catalog.setval('public.auth_group_permissions_id_seq', 1, false);


--
-- Name: auth_permission_id_seq; Type: SEQUENCE SET; Schema: public; Owner: postgres
--

SELECT pg_catalog.setval('public.auth_permission_id_seq', 44, true);


--
-- Name: auth_user_groups_id_seq; Type: SEQUENCE SET; Schema: public; Owner: postgres
--

SELECT pg_catalog.setval('public.auth_user_groups_id_seq', 1, false);


--
-- Name: auth_user_id_seq; Type: SEQUENCE SET; Schema: public; Owner: postgres
--

SELECT pg_catalog.setval('public.auth_user_id_seq', 9, true);


--
-- Name: auth_user_user_permissions_id_seq; Type: SEQUENCE SET; Schema: public; Owner: postgres
--

SELECT pg_catalog.setval('public.auth_user_user_permissions_id_seq', 1, false);


--
-- Name: country_id_seq; Type: SEQUENCE SET; Schema: public; Owner: postgres
--

SELECT pg_catalog.setval('public.country_id_seq', 3, true);


--
-- Name: django_admin_log_id_seq; Type: SEQUENCE SET; Schema: public; Owner: postgres
--

SELECT pg_catalog.setval('public.django_admin_log_id_seq', 1, false);


--
-- Name: django_content_type_id_seq; Type: SEQUENCE SET; Schema: public; Owner: postgres
--

SELECT pg_catalog.setval('public.django_content_type_id_seq', 11, true);


--
-- Name: django_migrations_id_seq; Type: SEQUENCE SET; Schema: public; Owner: postgres
--

SELECT pg_catalog.setval('public.django_migrations_id_seq', 23, true);


--
-- Name: results_id_seq; Type: SEQUENCE SET; Schema: public; Owner: postgres
--

SELECT pg_catalog.setval('public.results_id_seq', 5, true);


--
-- Name: role_master_id_seq; Type: SEQUENCE SET; Schema: public; Owner: postgres
--

SELECT pg_catalog.setval('public.role_master_id_seq', 4, true);


--
-- Name: subjects_id_seq; Type: SEQUENCE SET; Schema: public; Owner: postgres
--

SELECT pg_catalog.setval('public.subjects_id_seq', 6, true);


--
-- Name: user_details_id_seq; Type: SEQUENCE SET; Schema: public; Owner: postgres
--

SELECT pg_catalog.setval('public.user_details_id_seq', 9, true);


--
-- Name: auth_group auth_group_name_key; Type: CONSTRAINT; Schema: public; Owner: postgres
--

ALTER TABLE ONLY public.auth_group
    ADD CONSTRAINT auth_group_name_key UNIQUE (name);


--
-- Name: auth_group_permissions auth_group_permissions_group_id_permission_id_0cd325b0_uniq; Type: CONSTRAINT; Schema: public; Owner: postgres
--

ALTER TABLE ONLY public.auth_group_permissions
    ADD CONSTRAINT auth_group_permissions_group_id_permission_id_0cd325b0_uniq UNIQUE (group_id, permission_id);


--
-- Name: auth_group_permissions auth_group_permissions_pkey; Type: CONSTRAINT; Schema: public; Owner: postgres
--

ALTER TABLE ONLY public.auth_group_permissions
    ADD CONSTRAINT auth_group_permissions_pkey PRIMARY KEY (id);


--
-- Name: auth_group auth_group_pkey; Type: CONSTRAINT; Schema: public; Owner: postgres
--

ALTER TABLE ONLY public.auth_group
    ADD CONSTRAINT auth_group_pkey PRIMARY KEY (id);


--
-- Name: auth_permission auth_permission_content_type_id_codename_01ab375a_uniq; Type: CONSTRAINT; Schema: public; Owner: postgres
--

ALTER TABLE ONLY public.auth_permission
    ADD CONSTRAINT auth_permission_content_type_id_codename_01ab375a_uniq UNIQUE (content_type_id, codename);


--
-- Name: auth_permission auth_permission_pkey; Type: CONSTRAINT; Schema: public; Owner: postgres
--

ALTER TABLE ONLY public.auth_permission
    ADD CONSTRAINT auth_permission_pkey PRIMARY KEY (id);


--
-- Name: auth_user_groups auth_user_groups_pkey; Type: CONSTRAINT; Schema: public; Owner: postgres
--

ALTER TABLE ONLY public.auth_user_groups
    ADD CONSTRAINT auth_user_groups_pkey PRIMARY KEY (id);


--
-- Name: auth_user_groups auth_user_groups_user_id_group_id_94350c0c_uniq; Type: CONSTRAINT; Schema: public; Owner: postgres
--

ALTER TABLE ONLY public.auth_user_groups
    ADD CONSTRAINT auth_user_groups_user_id_group_id_94350c0c_uniq UNIQUE (user_id, group_id);


--
-- Name: auth_user auth_user_pkey; Type: CONSTRAINT; Schema: public; Owner: postgres
--

ALTER TABLE ONLY public.auth_user
    ADD CONSTRAINT auth_user_pkey PRIMARY KEY (id);


--
-- Name: auth_user_user_permissions auth_user_user_permissions_pkey; Type: CONSTRAINT; Schema: public; Owner: postgres
--

ALTER TABLE ONLY public.auth_user_user_permissions
    ADD CONSTRAINT auth_user_user_permissions_pkey PRIMARY KEY (id);


--
-- Name: auth_user_user_permissions auth_user_user_permissions_user_id_permission_id_14a6b632_uniq; Type: CONSTRAINT; Schema: public; Owner: postgres
--

ALTER TABLE ONLY public.auth_user_user_permissions
    ADD CONSTRAINT auth_user_user_permissions_user_id_permission_id_14a6b632_uniq UNIQUE (user_id, permission_id);


--
-- Name: auth_user auth_user_username_key; Type: CONSTRAINT; Schema: public; Owner: postgres
--

ALTER TABLE ONLY public.auth_user
    ADD CONSTRAINT auth_user_username_key UNIQUE (username);


--
-- Name: country country_pkey; Type: CONSTRAINT; Schema: public; Owner: postgres
--

ALTER TABLE ONLY public.country
    ADD CONSTRAINT country_pkey PRIMARY KEY (id);


--
-- Name: django_admin_log django_admin_log_pkey; Type: CONSTRAINT; Schema: public; Owner: postgres
--

ALTER TABLE ONLY public.django_admin_log
    ADD CONSTRAINT django_admin_log_pkey PRIMARY KEY (id);


--
-- Name: django_content_type django_content_type_app_label_model_76bd3d3b_uniq; Type: CONSTRAINT; Schema: public; Owner: postgres
--

ALTER TABLE ONLY public.django_content_type
    ADD CONSTRAINT django_content_type_app_label_model_76bd3d3b_uniq UNIQUE (app_label, model);


--
-- Name: django_content_type django_content_type_pkey; Type: CONSTRAINT; Schema: public; Owner: postgres
--

ALTER TABLE ONLY public.django_content_type
    ADD CONSTRAINT django_content_type_pkey PRIMARY KEY (id);


--
-- Name: django_migrations django_migrations_pkey; Type: CONSTRAINT; Schema: public; Owner: postgres
--

ALTER TABLE ONLY public.django_migrations
    ADD CONSTRAINT django_migrations_pkey PRIMARY KEY (id);


--
-- Name: django_session django_session_pkey; Type: CONSTRAINT; Schema: public; Owner: postgres
--

ALTER TABLE ONLY public.django_session
    ADD CONSTRAINT django_session_pkey PRIMARY KEY (session_key);


--
-- Name: results results_pkey; Type: CONSTRAINT; Schema: public; Owner: postgres
--

ALTER TABLE ONLY public.results
    ADD CONSTRAINT results_pkey PRIMARY KEY (id);


--
-- Name: role_master role_master_pkey; Type: CONSTRAINT; Schema: public; Owner: postgres
--

ALTER TABLE ONLY public.role_master
    ADD CONSTRAINT role_master_pkey PRIMARY KEY (id);


--
-- Name: subjects subjects_pkey; Type: CONSTRAINT; Schema: public; Owner: postgres
--

ALTER TABLE ONLY public.subjects
    ADD CONSTRAINT subjects_pkey PRIMARY KEY (id);


--
-- Name: user_details user_details_fk_user_id_key; Type: CONSTRAINT; Schema: public; Owner: postgres
--

ALTER TABLE ONLY public.user_details
    ADD CONSTRAINT user_details_fk_user_id_key UNIQUE (fk_user_id);


--
-- Name: user_details user_details_pkey; Type: CONSTRAINT; Schema: public; Owner: postgres
--

ALTER TABLE ONLY public.user_details
    ADD CONSTRAINT user_details_pkey PRIMARY KEY (id);


--
-- Name: auth_group_name_a6ea08ec_like; Type: INDEX; Schema: public; Owner: postgres
--

CREATE INDEX auth_group_name_a6ea08ec_like ON public.auth_group USING btree (name varchar_pattern_ops);


--
-- Name: auth_group_permissions_group_id_b120cbf9; Type: INDEX; Schema: public; Owner: postgres
--

CREATE INDEX auth_group_permissions_group_id_b120cbf9 ON public.auth_group_permissions USING btree (group_id);


--
-- Name: auth_group_permissions_permission_id_84c5c92e; Type: INDEX; Schema: public; Owner: postgres
--

CREATE INDEX auth_group_permissions_permission_id_84c5c92e ON public.auth_group_permissions USING btree (permission_id);


--
-- Name: auth_permission_content_type_id_2f476e4b; Type: INDEX; Schema: public; Owner: postgres
--

CREATE INDEX auth_permission_content_type_id_2f476e4b ON public.auth_permission USING btree (content_type_id);


--
-- Name: auth_user_groups_group_id_97559544; Type: INDEX; Schema: public; Owner: postgres
--

CREATE INDEX auth_user_groups_group_id_97559544 ON public.auth_user_groups USING btree (group_id);


--
-- Name: auth_user_groups_user_id_6a12ed8b; Type: INDEX; Schema: public; Owner: postgres
--

CREATE INDEX auth_user_groups_user_id_6a12ed8b ON public.auth_user_groups USING btree (user_id);


--
-- Name: auth_user_user_permissions_permission_id_1fbb5f2c; Type: INDEX; Schema: public; Owner: postgres
--

CREATE INDEX auth_user_user_permissions_permission_id_1fbb5f2c ON public.auth_user_user_permissions USING btree (permission_id);


--
-- Name: auth_user_user_permissions_user_id_a95ead1b; Type: INDEX; Schema: public; Owner: postgres
--

CREATE INDEX auth_user_user_permissions_user_id_a95ead1b ON public.auth_user_user_permissions USING btree (user_id);


--
-- Name: auth_user_username_6821ab7c_like; Type: INDEX; Schema: public; Owner: postgres
--

CREATE INDEX auth_user_username_6821ab7c_like ON public.auth_user USING btree (username varchar_pattern_ops);


--
-- Name: django_admin_log_content_type_id_c4bce8eb; Type: INDEX; Schema: public; Owner: postgres
--

CREATE INDEX django_admin_log_content_type_id_c4bce8eb ON public.django_admin_log USING btree (content_type_id);


--
-- Name: django_admin_log_user_id_c564eba6; Type: INDEX; Schema: public; Owner: postgres
--

CREATE INDEX django_admin_log_user_id_c564eba6 ON public.django_admin_log USING btree (user_id);


--
-- Name: django_session_expire_date_a5c62663; Type: INDEX; Schema: public; Owner: postgres
--

CREATE INDEX django_session_expire_date_a5c62663 ON public.django_session USING btree (expire_date);


--
-- Name: django_session_session_key_c0390e0f_like; Type: INDEX; Schema: public; Owner: postgres
--

CREATE INDEX django_session_session_key_c0390e0f_like ON public.django_session USING btree (session_key varchar_pattern_ops);


--
-- Name: results_staff_id_6f4abe9e; Type: INDEX; Schema: public; Owner: postgres
--

CREATE INDEX results_staff_id_6f4abe9e ON public.results USING btree (staff_id);


--
-- Name: results_student_id_d573a18f; Type: INDEX; Schema: public; Owner: postgres
--

CREATE INDEX results_student_id_d573a18f ON public.results USING btree (student_id);


--
-- Name: user_details_fk_country_id_04569747; Type: INDEX; Schema: public; Owner: postgres
--

CREATE INDEX user_details_fk_country_id_04569747 ON public.user_details USING btree (fk_country_id);


--
-- Name: user_details_fk_role_id_5c49db8e; Type: INDEX; Schema: public; Owner: postgres
--

CREATE INDEX user_details_fk_role_id_5c49db8e ON public.user_details USING btree (fk_role_id);


--
-- Name: auth_group_permissions auth_group_permissio_permission_id_84c5c92e_fk_auth_perm; Type: FK CONSTRAINT; Schema: public; Owner: postgres
--

ALTER TABLE ONLY public.auth_group_permissions
    ADD CONSTRAINT auth_group_permissio_permission_id_84c5c92e_fk_auth_perm FOREIGN KEY (permission_id) REFERENCES public.auth_permission(id) DEFERRABLE INITIALLY DEFERRED;


--
-- Name: auth_group_permissions auth_group_permissions_group_id_b120cbf9_fk_auth_group_id; Type: FK CONSTRAINT; Schema: public; Owner: postgres
--

ALTER TABLE ONLY public.auth_group_permissions
    ADD CONSTRAINT auth_group_permissions_group_id_b120cbf9_fk_auth_group_id FOREIGN KEY (group_id) REFERENCES public.auth_group(id) DEFERRABLE INITIALLY DEFERRED;


--
-- Name: auth_permission auth_permission_content_type_id_2f476e4b_fk_django_co; Type: FK CONSTRAINT; Schema: public; Owner: postgres
--

ALTER TABLE ONLY public.auth_permission
    ADD CONSTRAINT auth_permission_content_type_id_2f476e4b_fk_django_co FOREIGN KEY (content_type_id) REFERENCES public.django_content_type(id) DEFERRABLE INITIALLY DEFERRED;


--
-- Name: auth_user_groups auth_user_groups_group_id_97559544_fk_auth_group_id; Type: FK CONSTRAINT; Schema: public; Owner: postgres
--

ALTER TABLE ONLY public.auth_user_groups
    ADD CONSTRAINT auth_user_groups_group_id_97559544_fk_auth_group_id FOREIGN KEY (group_id) REFERENCES public.auth_group(id) DEFERRABLE INITIALLY DEFERRED;


--
-- Name: auth_user_groups auth_user_groups_user_id_6a12ed8b_fk_auth_user_id; Type: FK CONSTRAINT; Schema: public; Owner: postgres
--

ALTER TABLE ONLY public.auth_user_groups
    ADD CONSTRAINT auth_user_groups_user_id_6a12ed8b_fk_auth_user_id FOREIGN KEY (user_id) REFERENCES public.auth_user(id) DEFERRABLE INITIALLY DEFERRED;


--
-- Name: auth_user_user_permissions auth_user_user_permi_permission_id_1fbb5f2c_fk_auth_perm; Type: FK CONSTRAINT; Schema: public; Owner: postgres
--

ALTER TABLE ONLY public.auth_user_user_permissions
    ADD CONSTRAINT auth_user_user_permi_permission_id_1fbb5f2c_fk_auth_perm FOREIGN KEY (permission_id) REFERENCES public.auth_permission(id) DEFERRABLE INITIALLY DEFERRED;


--
-- Name: auth_user_user_permissions auth_user_user_permissions_user_id_a95ead1b_fk_auth_user_id; Type: FK CONSTRAINT; Schema: public; Owner: postgres
--

ALTER TABLE ONLY public.auth_user_user_permissions
    ADD CONSTRAINT auth_user_user_permissions_user_id_a95ead1b_fk_auth_user_id FOREIGN KEY (user_id) REFERENCES public.auth_user(id) DEFERRABLE INITIALLY DEFERRED;


--
-- Name: django_admin_log django_admin_log_content_type_id_c4bce8eb_fk_django_co; Type: FK CONSTRAINT; Schema: public; Owner: postgres
--

ALTER TABLE ONLY public.django_admin_log
    ADD CONSTRAINT django_admin_log_content_type_id_c4bce8eb_fk_django_co FOREIGN KEY (content_type_id) REFERENCES public.django_content_type(id) DEFERRABLE INITIALLY DEFERRED;


--
-- Name: django_admin_log django_admin_log_user_id_c564eba6_fk_auth_user_id; Type: FK CONSTRAINT; Schema: public; Owner: postgres
--

ALTER TABLE ONLY public.django_admin_log
    ADD CONSTRAINT django_admin_log_user_id_c564eba6_fk_auth_user_id FOREIGN KEY (user_id) REFERENCES public.auth_user(id) DEFERRABLE INITIALLY DEFERRED;


--
-- Name: results results_staff_id_6f4abe9e_fk_auth_user_id; Type: FK CONSTRAINT; Schema: public; Owner: postgres
--

ALTER TABLE ONLY public.results
    ADD CONSTRAINT results_staff_id_6f4abe9e_fk_auth_user_id FOREIGN KEY (staff_id) REFERENCES public.auth_user(id) DEFERRABLE INITIALLY DEFERRED;


--
-- Name: results results_student_id_d573a18f_fk_auth_user_id; Type: FK CONSTRAINT; Schema: public; Owner: postgres
--

ALTER TABLE ONLY public.results
    ADD CONSTRAINT results_student_id_d573a18f_fk_auth_user_id FOREIGN KEY (student_id) REFERENCES public.auth_user(id) DEFERRABLE INITIALLY DEFERRED;


--
-- Name: user_details user_details_fk_country_id_04569747_fk_country_id; Type: FK CONSTRAINT; Schema: public; Owner: postgres
--

ALTER TABLE ONLY public.user_details
    ADD CONSTRAINT user_details_fk_country_id_04569747_fk_country_id FOREIGN KEY (fk_country_id) REFERENCES public.country(id) DEFERRABLE INITIALLY DEFERRED;


--
-- Name: user_details user_details_fk_role_id_5c49db8e_fk_role_master_id; Type: FK CONSTRAINT; Schema: public; Owner: postgres
--

ALTER TABLE ONLY public.user_details
    ADD CONSTRAINT user_details_fk_role_id_5c49db8e_fk_role_master_id FOREIGN KEY (fk_role_id) REFERENCES public.role_master(id) DEFERRABLE INITIALLY DEFERRED;


--
-- Name: user_details user_details_fk_user_id_a6ea2e23_fk_auth_user_id; Type: FK CONSTRAINT; Schema: public; Owner: postgres
--

ALTER TABLE ONLY public.user_details
    ADD CONSTRAINT user_details_fk_user_id_a6ea2e23_fk_auth_user_id FOREIGN KEY (fk_user_id) REFERENCES public.auth_user(id) DEFERRABLE INITIALLY DEFERRED;


--
-- PostgreSQL database dump complete
--

